comparison_seed,n_sessions,n_train,n_prime,method,is_k,mode,step,status,mip_gap_pct,in_sample_obj,oos_total,oos_W,oos_I,oos_O,oos_D,n_patients,comp_S_0,comp_S_1,comp_S_2,comp_M_0,comp_M_1,comp_M_2,comp_L_0,comp_L_1,comp_L_2,N_S_0,N_S_1,N_S_2,N_M_0,N_M_1,N_M_2,N_L_0,N_L_1,N_L_2
42,3,20,10000,lhs,0.5,baseline,1,2,0.0,58.174850727768224,56.483171213936515,22.008359527487496,21.921086432458328,12.553725253990692,0.0,13,2,4,6,1,0,0,0,0,0,6,5,6,1,1,0,0,0,0
42,3,20,10000,lhs,0.5,baseline,2,2,0.0,50.140312349063194,53.56210885751342,23.36987752877718,20.27535826377498,9.916873064961266,0.0,13,2,4,6,1,0,0,0,0,0,6,5,6,1,1,0,0,0,0
42,3,20,10000,lhs,0.5,baseline,3,9,99.99999999994338,37.24625762726437,41.24159771225291,17.857621433089925,22.818587977215994,0.5653883019469944,0.0,13,4,4,4,0,1,0,0,0,0,6,5,6,1,1,0,0,0,0
42,3,20,10000,lhs,0.5,blueprint,1,2,0.0,58.174850727768224,56.483171213936515,22.008359527487496,21.921086432458328,12.553725253990692,0.0,13,2,4,6,1,0,0,0,0,0,6,5,6,1,1,0,0,0,0
42,3,20,10000,lhs,0.5,blueprint,2,2,0.0,50.140312349063194,53.56210885751342,23.36987752877718,20.27535826377498,9.916873064961266,0.0,13,2,4,6,1,0,0,0,0,0,6,5,6,1,1,0,0,0,0
42,3,20,10000,lhs,0.5,blueprint,3,9,99.99999999995899,37.76560537946071,40.620628116888746,15.594872486200465,24.21610781011249,0.8096478205757882,0.0,13,3,4,5,1,0,0,0,0,0,6,5,6,1,1,0,0,0,0
