seed,n_realizations,n_scenarios,beta5,method,is_k,time_limit,cluster_seed,status,mip_gap_pct,objective,slot_cost,op_cost,total_slots,N_S_0,N_S_1,N_S_2,N_M_0,N_M_1,N_M_2,N_L_0,N_L_1,N_L_2
42,5,20,1.0,lhs,1.0,600,42,9,80.15185301305354,95.72682030468269,20.0,75.72682030468269,20,6,5,5,1,1,1,1,0,0
43,5,20,1.0,lhs,1.0,600,42,9,81.83679278411452,104.60709904554626,21.0,83.60709904554626,21,6,5,5,0,2,2,1,0,0
44,5,20,1.0,lhs,1.0,600,42,9,79.42878663838952,106.94556326493937,22.0,84.94556326493937,22,7,6,5,0,1,1,2,0,0
