group,mean_exp_dur,mean_sigma,n_types
L,247.4599623099099,77.70183214333333,3
M,126.2622395401861,29.581662688,15
S,63.53234401956196,17.144381494,50
