method,N,replication,obj_out_of_sample
lhs,5,0,191.30488024679738
lhs,5,1,184.80396891502397
lhs,5,2,186.34833106205738
lhs,5,3,192.91778709026656
lhs,5,4,191.73321986821185
lhs,5,5,198.29230178120793
lhs,5,6,197.01454297844293
lhs,5,7,194.98801852338025
lhs,5,8,185.76477169876532
lhs,5,9,194.56249879563612
