method,N,replication,obj_out_of_sample
lhs,5,0,170.83599228105905
lhs,5,1,164.62527492223296
lhs,5,2,164.19025764061172
lhs,5,3,161.41052579216964
lhs,5,4,168.63832124619034
lhs,5,5,162.48929313586967
lhs,5,6,165.18816227911447
lhs,5,7,165.2556390386883
lhs,5,8,166.09331229284751
lhs,5,9,165.57550942151482
